Stock;Index
MMMC34;BDRX
RRRP3;IBOV IBRA IBXX IGCT IGCX IGNM ITAG IVBX SMLL
TTEN3;AGFS IBRA ICON IGCT IGCX IGNM ITAG SMLL
ABUD34;BDRX
A1BB34;BDRX
ABTT34;BDRX
ABBV34;BDRX
ABCB4;IBRA IDIV IFNC IGCT IGCX ITAG SMLL
ACNB34;BDRX
ATVI34;BDRX
ADBE34;BDRX
A1AP34;BDRX
A1MD34;BDRX
A1EG34;BDRX
AERI3;GPTW IBRA IGCT IGCX IGNM INDX ITAG SMLL
AESB3;IBRA IDIV IEEX IGCT IGCX IGNM ISEE ITAG SMLL UTIL
A1ES34;BDRX
AGXY3;IGCX IGNM ITAG
AIRB34;BDRX
A1KA34;BDRX
A1LB34;BDRX
A1RE34;BDRX
ALSO3;IBRA IGCT IGCX IGNM IMOB ITAG SMLL
BABA34;BDRX
A1LG34;BDRX
AALR3;IBRA ICON IGCT IGCX IGNM ITAG SMLL
ALLD3;IBRA ICON IGCT IGCX IGNM ITAG SMLL
A1LN34;BDRX
ALPA3;IGCX
ALPA4;GPTW IBOV IBRA IBXX ICON IGCT IGCX INDX IVBX MLCX
APER3;IGCX IGNM ITAG
GOGL34;BDRX
GOGL35;BDRX
AVLL3;IGCX IGNM ITAG
A1YX34;BDRX
MOOO34;BDRX
ALUP11;IBRA IDIV IEEX IGCT IGCX ITAG SMLL UTIL
AMZO34;BDRX
ABEV3;AGFS GPTW IBOV IBRA IBXL IBXX ICO2 ICON INDX MLCX
AMBP3;IBRA IGCT IGCX IGNM ISEE ITAG SMLL UTIL
A2MC34;BDRX
A1CR34;BDRX
A1MX34;BDRX
AALL34;BDRX
AXPB34;BDRX
T1OW34;BDRX
AMER3;GPTW IBOV IBRA IBXL IBXX ICO2 ICON IGCT IGCX IGNM ISEE ITAG MLCX
AMGN34;BDRX
A1UA34;BDRX
ANIM3;IBRA ICON IGCT IGCX IGNM ITAG SMLL
A1PA34;BDRX
A1IV34;BDRX
AAPL34;BDRX
A1MT34;BDRX
ARMT34;BDRX
ARZZ3;AGFS GPTW IBRA IBXX ICON IGCT IGCX IGNM ISEE ITAG SMLL
ARML3;AGFS IBRA IGCT IGCX IGNM ITAG SMLL
ASML34;BDRX
ASAI3;AGFS IBOV IBRA IBXX ICON IGCT IGCX IGNM ITAG IVBX MLCX
A1ZN34;BDRX
T1AM34;BDRX
ATTB34;BDRX
AURE3;IBRA IBXX IEEX IGCT IGCX IGNM ITAG MLCX UTIL
A1UT34;BDRX
A1TH34;BDRX
A1VB34;BDRX
AZUL4;IBOV IBRA IBXL IBXX ICO2 IGCT IGCX ISEE ITAG IVBX SMLL
B3SA3;GPTW IBOV IBRA IBXL IBXX ICO2 IDIV IFNC IGCT IGCX IGNM ITAG MLCX
BAHI3;ITAG
BIDU34;BDRX
BMGB4;IBRA IFNC IGCT IGCX ITAG SMLL
BPAN4;GPTW IBOV IBRA IBXX IFNC IGCT IGCX ITAG IVBX MLCX
B1SA34;BDRX
BGIP3;ITAG
BGIP4;ITAG
BOAC34;BDRX
BRSR3;IGCX ITAG
BRSR6;IBRA IDIV IFNC IGCT IGCX ITAG SMLL
B1CS34;BDRX
BBSE3;IBOV IBRA IBXL IBXX IDIV IFNC IGCT IGCX IGNM ITAG IVBX MLCX
BMOB3;GPTW IBRA IGCT IGCX IGNM ITAG SMLL
BERK34;BDRX
BBYY34;BDRX
B2YN34;BDRX
B1IL34;BDRX
BIIB34;BDRX
BIOM3;ITAG
B1NT34;BDRX
BKBR3;IBRA ICON IGCT IGCX IGNM ITAG SMLL
BLAK34;BDRX
BLAU3;IBRA ICON IGCT IGCX IGNM ITAG SMLL
S2QU34;BDRX
BONY34;BDRX
SOJA3;AGFS IBRA ICON IGCT IGCX IGNM ITAG SMLL
BOAS3;IBRA IFNC IGCT IGCX IGNM ITAG SMLL
BOEI34;BDRX
BKNG34;BDRX
BOXP34;BDRX
B1SX34;BDRX
B1PP34;BDRX
BRML3;IBOV IBRA IBXL IBXX ICO2 IGCT IGCX IGNM IMOB ITAG IVBX SMLL
BRBI11;IBRA IFNC IGCT IGCX
BRPR3;IBRA IGCT IGCX IGNM IMOB ITAG SMLL
BBDC3;IBOV IBRA IBXX ICO2 IDIV IFNC IGCT IGCX ITAG MLCX
BBDC4;GPTW IBOV IBRA IBXL IBXX ICO2 IDIV IFNC IGCT IGCX ISEE ITAG MLCX
BRAP3;IGCX ITAG
BRAP4;IBOV IBRA IBXL IBXX IDIV IGCT IGCX IMAT ITAG IVBX MLCX
BBAS3;IBOV IBRA IBXL IBXX ICO2 IDIV IFNC IGCT IGCX IGNM ISEE ITAG MLCX
AGRO3;AGFS IBRA ICON IDIV IGCT IGCX IGNM ITAG SMLL
BRKM3;IGCX ITAG
BRKM5;IBOV IBRA IBXL IBXX ICO2 IGCT IGCX IMAT INDX ISEE ITAG IVBX MLCX
BRFS3;AGFS IBOV IBRA IBXL IBXX ICO2 ICON IGCT IGCX IGNM INDX ISEE ITAG IVBX MLCX
BRIT3;IGCX IGNM ITAG
BMYB34;BDRX
B1TI34;BDRX
AVGO34;BDRX
B1AM34;BDRX
BPAC11;IBOV IBRA IBXL IBXX ICO2 IFNC IGCT IGCX ISEE ITAG MLCX
CXSE3;IBRA IFNC IGCT IGCX IGNM ITAG MLCX
CAML3;AGFS IBRA ICON IGCT IGCX IGNM INDX ITAG SMLL
C1CL34;BDRX
CRFB3;AGFS IBOV IBRA IBXX ICON IGCT IGCX IGNM ITAG MLCX
CATP34;BDRX
CBAV3;IBRA IGCT IGCX IGNM IMAT ITAG SMLL
CCRO3;IBOV IBRA IBXL IBXX ICO2 IGCT IGCX IGNM ISEE ITAG IVBX MLCX
CEAB3;GPTW IBRA ICON IGCT IGCX IGNM ITAG SMLL
CEDO3;IGCX
CEDO4;IGCX ITAG
CLSC3;ITAG
CLSC4;IGCX ITAG
CMIG3;IBRA IDIV IGCT IGCX MLCX UTIL
CMIG4;IBOV IBRA IBXX ICO2 IDIV IEEX IGCT IGCX ISEE IVBX MLCX UTIL
CHCM34;BDRX
CHVX34;BDRX
L1FC34;BDRX
C1HI34;BDRX
CIEL3;GPTW IBOV IBRA IBXX ICO2 IFNC IGCT IGCX IGNM ISEE ITAG IVBX SMLL
C1IC34;BDRX
CSCO34;BDRX
CTGP34;BDRX
CLSA3;GPTW IBRA IFNC IGCT IGCX IGNM ITAG SMLL
COCA34;BDRX
COCE5;IEEX
COGN3;IBOV IBRA IBXL IBXX ICON IGCT IGCX IGNM ITAG IVBX SMLL
C2OI34;BDRX
COLG34;BDRX
CMCS34;BDRX
CSMG3;IBRA IDIV IGCT IGCX IGNM ITAG SMLL UTIL
CPLE3;IBRA IDIV IGCT IGCX MLCX UTIL
CPLE6;GPTW IBOV IBRA IBXX ICO2 IDIV IEEX IGCT IGCX ISEE IVBX MLCX UTIL
COPH34;BDRX
C1TV34;BDRX
CSAN3;AGFS IBOV IBRA IBXL IBXX ICO2 IGCT IGCX IGNM ISEE ITAG IVBX MLCX
C1GP34;BDRX
COWC34;BDRX
CTNM4;ITAG
COTY34;BDRX
C1OU34;BDRX
CPFE3;IBOV IBRA IBXX ICO2 IDIV IEEX IGCT IGCX IGNM ISEE ITAG MLCX UTIL
CRDE3;ITAG
C1SU34;BDRX
CSED3;IBRA ICON IGCT IGCX IGNM ITAG SMLL
CMIN3;IBOV IBRA IBXX IGCT IGCX IMAT ITAG MLCX
CARD3;IBRA IFNC IGCT IGCX IGNM ITAG SMLL
CRIP34;BDRX
CURY3;IBRA ICON IGCT IGCX IGNM IMOB ITAG SMLL
CVCB3;IBOV IBRA IBXL IBXX ICON IGCT IGCX IGNM ITAG IVBX SMLL
CVSH34;BDRX
CYRE3;IBOV IBRA IBXL IBXX ICON IDIV IGCT IGCX IGNM IMOB INDX ITAG IVBX SMLL
DMVF3;IGCX IGNM ITAG
DHER34;BDRX
DASA3;GPTW IBRA ICON IGCT IGCX IGNM ITAG MLCX
D1DG34;BDRX
DEEC34;BDRX
DEAI34;BDRX
DESK3;IGCX IGNM ITAG
DBAG34;BDRX
D1VN34;BDRX
DXCO3;AGFS IBOV IBRA IBXX ICO2 IGCT IGCX IGNM IMAT INDX ISEE ITAG SMLL
D1EX34;BDRX
DEXP3;IBRA IGCT IGCX IMAT SMLL
DEXP4;IGCX
DEOP34;BDRX
F1AN34;BDRX
D1LR34;BDRX
PNVL3;IBRA ICON IGCT IGCX IGNM ITAG SMLL
DIRR3;IBRA ICON IDIV IGCT IGCX IGNM IMOB INDX ITAG SMLL
D1OC34;BDRX
DGCO34;BDRX
DMMO3;IBRA SMLL
DOTZ3;IGCX IGNM ITAG
D1OW34;BDRX
E1TN34;BDRX
EBAY34;BDRX
E1CO34;BDRX
ECOR3;IBOV IBRA IBXX ICO2 IGCT IGCX IGNM ISEE ITAG SMLL
EAIN34;BDRX
ELET3;IBOV IBRA IBXL IBXX ICO2 IDIV IEEX IGCT IGCX ISEE IVBX MLCX UTIL
ELET6;IBOV IBRA IBXX ICO2 IDIV IGCT IGCX MLCX UTIL
ELMD3;IGCX IGNM ITAG
EMBR3;IBOV IBRA IBXL IBXX ICO2 IGCT IGCX IGNM INDX ITAG IVBX SMLL
ENAT3;IBRA IDIV IGCT IGCX IGNM ITAG SMLL
ENBR3;IBOV IBRA IBXX ICO2 IDIV IEEX IGCT IGCX IGNM ISEE ITAG SMLL UTIL
ENGI11;IBOV IBRA IBXX IEEX IGCT IGCX ITAG MLCX UTIL
ENEV3;IBOV IBRA IBXX ICO2 IEEX IGCT IGCX IGNM ITAG MLCX UTIL
EGIE3;IBOV IBRA IBXX ICO2 IDIV IEEX IGCT IGCX IGNM ISEE ITAG MLCX UTIL
ENJU3;IBRA IGCT IGCX IGNM ITAG SMLL
E1OG34;BDRX
EQTL3;IBOV IBRA IBXL IBXX IEEX IGCT IGCX IGNM ITAG IVBX MLCX UTIL
EQIX34;BDRX
E1QN34;BDRX
E1QR34;BDRX
E1RI34;BDRX
ESPA3;IBRA ICON IGCT IGCX IGNM ITAG SMLL
E1SS34;BDRX
ALPK3;IGCX IGNM ITAG
ELCI34;BDRX
EUCA3;IGCX
EUCA4;IGCX
EVEN3;IBRA ICON IGCT IGCX IGNM IMOB ITAG SMLL
EXXO34;BDRX
EZTC3;IBOV IBRA IBXX ICON IGCT IGCX IGNM IMOB INDX ITAG SMLL
FDXB34;BDRX
FHER3;IGCX IGNM ITAG
FESA3;IGCX
FESA4;IBRA IDIV IGCT IGCX IMAT INDX SMLL
F1NI34;BDRX
BPFF11;IFIX
AFHI11;IFIX
ALZR11;IFIL IFIX
ARCT11;IFIL IFIX
ARRI11;IFIX
AIEC11;IFIX
BARI11;IFIL IFIX
BBPO11;IFIL IFIX
BCFF11;IFIL IFIX
BRCR11;IFIL IFIX
BCIA11;IFIX
BCRI11;IFIL IFIX
BLMR11;IFIX
BLMG11;IFIX
BRCO11;IFIL IFIX
BTAL11;IFIX
BTCR11;IFIX
BTRA11;IFIX
BTLG11;IFIL IFIX
FCFL11;IFIX
CPFF11;IFIL IFIX
CPTS11;IFIL IFIX
HGCR11;IFIL IFIX
HGFF11;IFIX
HGLG11;IFIL IFIX
HGRU11;IFIL IFIX
CARE11;IFIX
DEVA11;IFIL IFIX
FEXC11;IFIX
VRTA11;IFIL IFIX
GTWR11;IFIL IFIX
GGRC11;IFIL IFIX
GALG11;IFIX
HABT11;IFIL IFIX
HCTR11;IFIL IFIX
HGBS11;IFIL IFIX
HGRE11;IFIL IFIX
HSAF11;IFIX
HSLG11;IFIX
HSML11;IFIL IFIX
HFOF11;IFIL IFIX
FIIB11;IFIX
IRDM11;IFIL IFIX
JSRE11;IFIL IFIX
KISU11;IFIL IFIX
KNRI11;IFIL IFIX
KNHY11;IFIL IFIX
KNIP11;IFIL IFIX
KNCR11;IFIL IFIX
KNSC11;IFIL IFIX
KFOF11;IFIX
MALL11;IFIL IFIX
MCCI11;IFIL IFIX
MCHF11;IFIX
MXRF11;IFIL IFIX
MFII11;IFIX
MGFF11;IFIL IFIX
MORE11;IFIX
NCHB11;IFIX
OUJP11;IFIX
PATL11;IFIL IFIX
PLCR11;IFIX
PORD11;IFIX
QAGR11;IFIX
RBRL11;IFIX
RBRY11;IFIX
RBRP11;IFIL IFIX
RBRF11;IFIL IFIX
RBRR11;IFIL IFIX
RECR11;IFIL IFIX
RECT11;IFIL IFIX
RBFF11;IFIX
RCRB11;IFIX
RBVA11;IFIL IFIX
RZAK11;IFIL IFIX
RZTR11;IFIL IFIX
SADI11;IFIX
SARE11;IFIL IFIX
SDIL11;IFIL IFIX
SPTW11;IFIX
SNCI11;IFIX
SNFF11;IFIL IFIX
TGAR11;IFIL IFIX
TORD11;IFIL IFIX
TRXF11;IFIL IFIX
URPR11;IFIL IFIX
VGHF11;IFIL IFIX
VGIP11;IFIL IFIX
VGIR11;IFIX
CVBI11;IFIL IFIX
LVBI11;IFIL IFIX
PVBI11;IFIL IFIX
RVBI11;IFIX
VCJR11;IFIX
VSLH11;IFIL IFIX
VIFI11;IFIX
VILG11;IFIL IFIX
VINO11;IFIL IFIX
VISC11;IFIL IFIX
VTLT11;IFIX
XPCI11;IFIL IFIX
XPIN11;IFIX
XPLG11;IFIL IFIX
XPML11;IFIL IFIX
XPPR11;IFIL IFIX
XPSF11;IFIL IFIX
FSLR34;BDRX
FLRY3;IBOV IBRA IBXX ICO2 ICON IGCT IGCX IGNM ISEE ITAG SMLL
FDMO34;BDRX
F1TN34;BDRX
FRAS3;IGCX
FCXO34;BDRX
GFSA3;IBRA ICON IGCT IGCX IGNM IMOB ITAG SMLL
GEOO34;BDRX
GMCO34;BDRX
GSHP3;ITAG
GEPA4;ITAG
GGBR3;IGCX ITAG
GGBR4;IBOV IBRA IBXL IBXX ICO2 IGCT IGCX IMAT INDX ITAG IVBX MLCX
GOAU3;IGCX ITAG
GOAU4;IBOV IBRA IBXL IBXX IGCT IGCX IMAT INDX ITAG IVBX SMLL
GETT11;GPTW IBRA IFNC ITAG SMLL
NINJ3;IGCX IGNM ITAG
GILD34;BDRX
GOLL4;IBOV IBRA IBXX ICO2 IGCT IGCX ITAG IVBX SMLL
G1FI34;BDRX
GSGI34;BDRX
GPRO34;BDRX
GGPS3;IBRA IGCT IGCX IGNM ITAG SMLL
CGRA3;ITAG
CGRA4;ITAG
GRND3;IBRA ICON IDIV IGCT IGCX IGNM INDX ITAG SMLL
GMAT3;AGFS IBRA ICON IGCT IGCX IGNM ITAG SMLL
NTCO3;IBOV IBRA IBXL IBXX ICO2 ICON IGCT IGCX IGNM INDX ISEE ITAG IVBX MLCX
SBFG3;IBRA ICON IGCT IGCX IGNM ITAG SMLL
SOMA3;IBOV IBRA IBXX ICON IGCT IGCX IGNM ITAG SMLL
G1SK34;BDRX
GUAR3;IBRA ICON IGCT IGCX IGNM ITAG SMLL
HAPV3;IBOV IBRA IBXL IBXX ICON IGCT IGCX IGNM ITAG IVBX MLCX
H1OG34;BDRX
HBRE3;IGCX IGNM ITAG
H1CA34;BDRX
HBOR3;IBRA ICON IGCT IGCX IGNM IMOB ITAG SMLL
HBSA3;AGFS IBRA IGCT IGCX IGNM ITAG SMLL
HOME34;BDRX
HOND34;BDRX
H1ZN34;BDRX
HPQB34;BDRX
H1SB34;BDRX
HYPE3;GPTW IBOV IBRA IBXX ICO2 ICON IGCT IGCX IGNM ITAG IVBX MLCX
IGTI11;IBOV IBRA IBXX IGCT IGCX IMOB ITAG SMLL
PARD3;IBRA ICON IGCT IGCX IGNM ITAG SMLL
I1LM34;BDRX
MEAL3;IBRA ICON IGCT IGCX IGNM ITAG SMLL
IFCM3;IBRA IGCT IGCX IGNM ITAG SMLL
ITLC34;BDRX
INTB3;GPTW IBRA IGCT IGCX IGNM INDX ITAG SMLL
INTU34;BDRX
I1SR34;BDRX
MYPK3;IBRA ICON IDIV IGCT IGCX IGNM INDX ISEE ITAG SMLL
RANI3;AGFS GPTW IBRA IGCT IGCX IGNM IMAT ITAG SMLL
IRBR3;IBOV IBRA IBXX IFNC IGCT IGCX IGNM ITAG SMLL
I1RM34;BDRX
ITSA3;IGCX
ITSA4;IBOV IBRA IBXL IBXX ICO2 IDIV IFNC IGCT IGCX ISEE ITAG IVBX MLCX
ITUB3;IBRA IFNC IGCT IGCX MLCX
ITUB4;GPTW IBOV IBRA IBXL IBXX ICO2 IFNC IGCT IGCX ISEE ITAG MLCX
JALL3;AGFS GPTW IBRA ICON IGCT IGCX IGNM ITAG SMLL
JBSS3;AGFS IBOV IBRA IBXL IBXX ICO2 ICON IGCT IGCX IGNM INDX ITAG MLCX
JDCO34;BDRX
JHSF3;IBOV IBRA ICON IDIV IGCT IGCX IGNM IMOB INDX ITAG SMLL
JNJB34;BDRX
JPMC34;BDRX
JSLG3;IGCX IGNM ITAG
KEPL3;AGFS GPTW IBRA ITAG SMLL
KMIC34;BDRX
KLBN11;AGFS IBOV IBRA IBXL IBXX ICO2 IGCT IGCX IMAT INDX ISEE ITAG IVBX MLCX
KRSA3;IGCX IGNM ITAG
KHCB34;BDRX
L1RC34;BDRX
LAVV3;IBRA ICON IGCT IGCX IGNM IMOB ITAG SMLL
LIGT3;IBRA IEEX IGCT IGCX IGNM ISEE ITAG SMLL UTIL
LILY34;BDRX
L1YG34;BDRX
RENT3;GPTW IBOV IBRA IBXL IBXX ICO2 ICON IGCT IGCX IGNM ITAG IVBX MLCX
LCAM3;IBOV IBRA IBXX ICO2 ICON IGCT IGCX IGNM ITAG MLCX
LWSA3;GPTW IBOV IBRA IBXL IBXX IGCT IGCX IGNM ITAG IVBX SMLL
LMTB34;BDRX
LOGG3;IBRA IGCT IGCX IGNM IMOB ITAG SMLL
LOGN3;IBRA IGCT IGCX IGNM ITAG SMLL
AMAR3;IBRA IBXX ICON IGCT IGCX IGNM ITAG SMLL
LREN3;GPTW IBOV IBRA IBXL IBXX ICO2 ICON IGCT IGCX IGNM ISEE ITAG IVBX MLCX
LPSB3;IGCX IGNM ITAG
LOWC34;BDRX
L1UL34;BDRX
L1MN34;BDRX
MDIA3;AGFS IBRA ICON IGCT IGCX IGNM INDX ISEE ITAG SMLL
MACY34;BDRX
MGLU3;GPTW IBOV IBRA IBXL IBXX ICO2 ICON IGCT IGCX IGNM ISEE ITAG MLCX
M1RO34;BDRX
POMO3;IGCX ITAG
POMO4;IBRA IGCT IGCX INDX ITAG SMLL
MRFG3;AGFS IBOV IBRA IBXL IBXX ICO2 ICON IGCT IGCX IGNM INDX ISEE ITAG IVBX MLCX
MSCD34;BDRX
MATD3;GPTW IBRA ICON IGCT IGCX IGNM ITAG SMLL
MCDC34;BDRX
MDTC34;BDRX
CASH3;GPTW IBOV IBRA IBXL IBXX IGCT IGCX IGNM ITAG IVBX SMLL
MELK3;IGCX IGNM ITAG
BMEB3;IGCX
BMEB4;IGCX
MELI34;BDRX
MRCK34;BDRX
M1TA34;BDRX
MTIG4;ITAG
LEVE3;IBRA ICON IDIV IGCT IGCX IGNM ITAG SMLL
METB34;BDRX
M1GM34;BDRX
MUTC34;BDRX
MSFT34;BDRX
MILS3;IBRA IGCT IGCX IGNM ITAG SMLL
BEEF3;AGFS IBOV IBRA IBXX ICO2 ICON IDIV IGCT IGCX IGNM INDX ISEE ITAG SMLL
MTRE3;IBRA ICON IGCT IGCX IGNM IMOB ITAG SMLL
M1UF34;BDRX
MBLY3;IGCX IGNM ITAG
MODL11;IBRA IFNC IGCT IGCX ITAG SMLL
M1RN34;BDRX
MDLZ34;BDRX
M1DB34;BDRX
M1NS34;BDRX
MSBR34;BDRX
MOSC34;BDRX
MDNE3;IGCX IGNM ITAG
MOVI3;IBRA IBXX ICO2 ICON IGCT IGCX IGNM ISEE ITAG SMLL
MRVE3;IBOV IBRA IBXX ICO2 ICON IGCT IGCX IGNM IMOB INDX ISEE ITAG SMLL
MLAS3;IBRA IGCT IGCX IGNM ITAG SMLL
MULT3;IBOV IBRA IBXL IBXX ICO2 IGCT IGCX IMOB ITAG IVBX SMLL
N1DA34;BDRX
NEOE3;IBRA IEEX IGCT IGCX IGNM ISEE ITAG MLCX UTIL
NGRD3;GPTW IBRA IGCT IGCX IGNM ITAG SMLL
NETE34;BDRX
NFLX34;BDRX
E1DU34;BDRX
N1EM34;BDRX
NEXP3;IGCX IGNM ITAG
NEXT34;BDRX
NIKE34;BDRX
NOKI34;BDRX
N1CL34;BDRX
N1VS34;BDRX
N1VO34;BDRX
N1UE34;BDRX
NVDC34;BDRX
N1XP34;BDRX
OXYP34;BDRX
OPCT3;IBRA IGCT IGCX IGNM ITAG SMLL
ODPV3;GPTW IBRA ICON IGCT IGCX IGNM ITAG SMLL
O1KT34;BDRX
MEGA3;IBRA IEEX IGCT IGCX IGNM ITAG SMLL UTIL
ONCO3;IBRA ICON IGCT IGCX IGNM ITAG SMLL
ORCL34;BDRX
ORVR3;IBRA IGCT IGCX IGNM ITAG SMLL UTIL
OSXB3;IGCX IGNM ITAG
OFSA3;IGCX IGNM ITAG
PCAR3;AGFS IBOV IBRA IBXX ICO2 ICON IGCT IGCX IGNM ISEE ITAG SMLL
PDTC3;IGCX IGNM ITAG
PAGS34;BDRX
PGMN3;GPTW IBRA ICON IGCT IGCX IGNM ITAG SMLL
P2LT34;BDRX
C1BS34;BDRX
PMAM3;IGCX IGNM ITAG SMLL
PYPL34;BDRX
PDGR3;IGCX IGNM ITAG
PEPB34;BDRX
PETR3;IBOV IBRA IBXL IBXX ICO2 IDIV IGCT IGCX ITAG MLCX
PETR4;IBOV IBRA IBXL IBXX ICO2 IGCT IGCX ITAG MLCX
PTCH34;BDRX
RECV3;IBRA IGCT IGCX IGNM ITAG SMLL
PRIO3;IBOV IBRA IBXL IBXX IGCT IGCX IGNM ITAG MLCX
PTNT4;ITAG
PETZ3;IBOV IBRA IBXX ICON IGCT IGCX IGNM ITAG IVBX SMLL
PFIZ34;BDRX
PGCO34;BDRX
PHMO34;BDRX
P1DD34;BDRX
PINE4;IGCX ITAG
PLPL3;GPTW IBRA ICON IGCT IGCX IGNM IMOB ITAG SMLL
PSSA3;IBRA IBXX ICO2 IDIV IFNC IGCT IGCX IGNM ITAG MLCX
PTBL3;IBRA IGCT IGCX IGNM INDX ITAG SMLL
POSI3;GPTW IBOV IBRA IBXX IGCT IGCX IGNM INDX ITAG SMLL
PRNR3;IGCX IGNM ITAG
PFRM3;IGCX IGNM ITAG
P1LD34;BDRX
P1SA34;BDRX
QCOM34;BDRX
QUAL3;GPTW IBOV IBRA IBXX ICON IDIV IGCT IGCX IGNM ITAG SMLL
LJQQ3;GPTW IBRA ICON IGCT IGCX IGNM ITAG SMLL
RADL3;IBOV IBRA IBXL IBXX ICO2 ICON IGCT IGCX IGNM ISEE ITAG IVBX MLCX
RAIZ4;AGFS IBRA IBXX ICON IGCT IGCX ITAG SMLL
RAPT3;IGCX
RAPT4;AGFS IBRA IDIV IGCT IGCX INDX ITAG SMLL
RYTT34;BDRX
RCSL3;AGFS IBRA INDX SMLL
RDOR3;IBOV IBRA IBXL IBXX ICON IGCT IGCX IGNM ITAG IVBX MLCX
REGN34;BDRX
RIOT34;BDRX
RDNI3;IGCX IGNM ITAG
R2BL34;BDRX
R1KU34;BDRX
ROMI3;IBRA IDIV IGCT IGCX IGNM ITAG SMLL
RSID3;IGCX IGNM ITAG
R1CL34;BDRX
RAIL3;AGFS IBOV IBRA IBXL IBXX ICO2 IGCT IGCX IGNM ISEE ITAG IVBX MLCX
SBSP3;GPTW IBOV IBRA IBXX IGCT IGCX IGNM ITAG IVBX MLCX UTIL
SSFO34;BDRX
SAPR11;IBRA IGCT IGCX ITAG SMLL UTIL
BCSA34;BDRX
SANB11;GPTW IBOV IBRA IBXX ICO2 IDIV IFNC ISEE ITAG MLCX
STBP3;GPTW IBRA IBXX ICO2 IGCT IGCX IGNM ITAG SMLL
SCAR3;IGCX IGNM ITAG
SMTO3;AGFS IBRA IBXX ICO2 ICON IGCT IGCX IGNM INDX ITAG MLCX
SAPP34;BDRX
SCHW34;BDRX
S2EA34;BDRX
SEQL3;IBRA IGCT IGCX IGNM ITAG SMLL
SEER3;IBRA ICON IGCT IGCX IGNM ITAG SMLL
N1OW34;BDRX
S2HO34;BDRX
S1BS34;BDRX
CSNA3;IBOV IBRA IBXL IBXX ICO2 IDIV IMAT INDX IVBX MLCX
SIMN34;BDRX
SIMH3;IBRA IGCT IGCX IGNM ISEE ITAG SMLL
SQIA3;GPTW IBRA IGCT IGCX IGNM ITAG SMLL
S1LG34;BDRX
SLCE3;AGFS GPTW IBOV IBRA IBXX ICO2 ICON IGCT IGCX IGNM ITAG SMLL
SMFT3;IBRA ICON IGCT IGCX IGNM ITAG MLCX
S2NW34;BDRX
SNEC34;BDRX
SPGI34;BDRX
S1PL34;BDRX
S1PO34;BDRX
SGPS3;IGCX IGNM ITAG
SBUB34;BDRX
S2TO34;BDRX
SULA11;IBOV IBRA IBXX ICO2 IFNC IGCT IGCX ISEE ITAG IVBX SMLL
SUZB3;AGFS GPTW IBOV IBRA IBXL IBXX ICO2 IGCT IGCX IGNM IMAT INDX ISEE ITAG IVBX MLCX
SYNE3;IBRA IDIV IGCT IGCX IGNM IMOB ITAG SMLL
S1YF34;BDRX
TAEE11;GPTW IBOV IBRA IBXX ICO2 IDIV IEEX IGCT IGCX ITAG MLCX UTIL
TSMC34;BDRX
T1TW34;BDRX
T1AL34;BDRX
TGTB34;BDRX
TASA3;IGCX ITAG
TASA4;IBRA IGCT IGCX INDX ITAG SMLL
TRAD3;IBRA IGCT IGCX IGNM ITAG SMLL
TECN3;IBRA ICON IGCT IGCX IGNM ITAG SMLL
TCSA3;IBRA ICON IGCT IGCX IGNM IMOB ITAG SMLL
TGMA3;IBRA IDIV IGCT IGCX IGNM ITAG SMLL
T2DH34;BDRX
VIVT3;GPTW IBOV IBRA IBXX ICO2 IDIV ISEE IVBX MLCX
TLNC34;BDRX
TEND3;IBRA ICON IGCT IGCX IGNM IMOB INDX ITAG SMLL
TXSA34;BDRX
LAND3;IGCX IGNM ITAG
TSLA34;BDRX
T1EV34;BDRX
TEXA34;BDRX
TMOS34;BDRX
TIMS3;IBOV IBRA IBXX ICO2 IGCT IGCX IGNM ISEE ITAG MLCX
SHOW3;IGCX IGNM ITAG
TOTS3;GPTW IBOV IBRA IBXL IBXX IGCT IGCX IGNM ITAG IVBX MLCX
TMCO34;BDRX
TFCO4;IGCX ITAG
T2TD34;BDRX
TRPL3;IGCX
TRPL4;IBRA IDIV IEEX IGCT IGCX MLCX UTIL
RIGG34;BDRX
T1RI34;BDRX
TRIS3;IBRA ICON IDIV IGCT IGCX IGNM IMOB ITAG SMLL
TPIS3;IBRA IGCT IGCX IGNM ITAG SMLL
TUPY3;AGFS IBRA IGCT IGCX IGNM INDX ITAG SMLL
T1WL34;BDRX
TWTR34;BDRX
U1BE34;BDRX
UBSG34;BDRX
UGPA3;IBOV IBRA IBXX ICO2 IGCT IGCX IGNM ITAG IVBX MLCX
UCAS3;IGCX IGNM ITAG
FIQE3;IGCX IGNM ITAG
ULEV34;BDRX
UNIP6;IBRA IDIV IMAT INDX SMLL
U1AL34;BDRX
UNHH34;BDRX
U2ST34;BDRX
UPSS34;BDRX
USBC34;BDRX
USSX34;BDRX
USIM3;IBRA IGCT IGCX IMAT MLCX
USIM5;IBOV IBRA IBXL IBXX ICO2 IGCT IGCX IMAT INDX IVBX MLCX
VALE3;IBOV IBRA IBXL IBXX IDIV IGCT IGCX IGNM IMAT ITAG MLCX
VLOE34;BDRX
VLID3;IBRA IGCT IGCX IGNM ITAG SMLL
VAMO3;AGFS IBRA ICON IGCT IGCX IGNM ITAG MLCX
VERZ34;BDRX
VRTX34;BDRX
VIIA3;GPTW IBOV IBRA IBXL IBXX ICO2 ICON IGCT IGCX IGNM ISEE ITAG IVBX SMLL
VBBR3;IBOV IBRA IBXL IBXX ICO2 IGCT IGCX IGNM ISEE ITAG IVBX MLCX
V1IP34;BDRX
VISA34;BDRX
VITT3;IGCX IGNM ITAG
VIVA3;IBRA ICON IGCT IGCX IGNM INDX ITAG SMLL
VVEO3;IGCX IGNM ITAG
VIVR3;IBRA ICON IGCT IGCX IGNM IMOB ITAG SMLL
V1OD34;BDRX
V1NO34;BDRX
VULC3;IBRA ICON IGCT IGCX IGNM ITAG SMLL
WALM34;BDRX
WGBA34;BDRX
DISB34;BDRX
W1BD34;BDRX
LVTC3;IGCX IGNM ITAG
WEGE3;IBOV IBRA IBXL IBXX ICO2 IGCT IGCX IGNM INDX ISEE ITAG MLCX
WFCO34;BDRX
WEST3;IGCX IGNM ITAG
PORT3;IGCX IGNM ITAG
W1IX34;BDRX
WIZS3;GPTW IBRA IBXX IDIV IFNC IGCT IGCX IGNM ITAG SMLL
YDUQ3;IBOV IBRA IBXX ICON IGCT IGCX IGNM ITAG SMLL
Z1TS34;BDRX
Z1OM34;BDRX
